class_name,total_images,duplicate_images,low_res_images,avg_width,avg_height
Toolbelt Dataset,72,0,0,1079.9,1312.8
Paint Spray Gun Dataset,196,4,0,1104.9,1535.5
Digital Torque Wrench Dataset,270,23,0,1241.4,1321.5
Generator Dataset Collection,284,17,0,1135.8,1380.6
Corner Trowel Dataset,309,12,0,1062.0,1515.4
Float Tool Dataset Collection,309,4,0,1150.6,1560.1
Construction Earmuffs Dataset,328,13,0,1125.4,1533.1
Infrared Digital Thermometer Dataset,363,4,0,1093.6,1535.7
Staple Gun Dataset Collection,370,93,0,1074.9,1358.2
Paint Respirator Dataset,373,32,0,1093.5,1410.6
Hoe Tool Dataset Collection,416,5,0,1135.7,1586.6
Respirator Mask N95 Dataset,425,6,0,1310.6,1736.0
Masking Tape Roll Dataset,449,4,0,1261.1,1687.9
Concrete Mixer Dataset Collection,487,67,0,1079.7,1466.2
Paint Tray Dataset,495,38,0,1106.0,1484.6
Safety Glasses Dataset Collection,520,23,0,1171.6,1469.3
Crowbar Dataset Collection,522,79,0,1109.7,1539.9
Paint Roller AI Dataset Collection,533,82,0,1439.5,1662.2
Jack Hammer Dataset,549,34,0,1074.9,1266.5
Machete Dataset,597,19,0,1036.6,1375.3
Clamp Dataset Collection,609,112,0,1072.3,1552.5
Jigsaw Dataset,613,38,0,1017.2,1280.8
Digital Caliper Dataset Collection,616,99,0,1114.7,1386.8
Utility Torch Dataset,627,21,0,1014.4,1526.9
Axe AI Dataset Collection,643,46,0,1103.5,1470.5
Safety Vest Dataset ,658,22,0,1068.9,1438.5
Rubber Boots Dataset,663,8,0,1095.2,1563.0
Nail AI Dataset Collection,675,34,0,1167.3,1614.5
Nail Gun Dataset Collection,691,105,0,1094.9,1461.4
Glue Gun AI Dataset Collection,692,123,0,1183.9,1500.9
Safety Helmet Dataset Collection,696,34,0,1099.6,1546.0
Jack Plane Dataset,706,37,0,1069.0,1241.0
Moisture Meter Dataset ,719,49,0,1113.3,1541.3
Pry Bar Dataset,725,110,0,1089.8,1554.9
Heat Gun Dataset Collection,728,80,0,1099.4,1462.0
Tape Measure Dataset Collection,733,80,0,1372.7,1594.2
Caulking Gun Dataset Collection,733,21,0,1228.6,1501.5
Stud Crimper Dataset,746,68,0,1004.4,1454.6
Ladder Dataset Collection,753,57,0,1187.8,1752.5
Level Tool Dataset Collection ,758,78,0,1188.0,1425.5
Hand Saw AI Dataset Collection,781,143,0,1194.2,1455.0
Angle Grinder Dataset Collection,786,112,0,1179.3,1585.0
Paint Brush Dataset Collection,787,124,0,1217.3,1689.8
Tubing Cutter Dataset,793,59,0,985.8,1354.8
Hammer AI Dataset Collection,799,43,0,1239.2,1597.9
Palm Sander Dataset,802,32,0,1043.0,1376.7
Wrench AI Dataset Collection,803,94,0,1392.7,1690.8
Electric Drill AI Dataset Collection,840,90,0,1120.9,1411.0
Screwdriver AI Dataset Collection,853,204,0,1534.0,1766.8
Drill Bit AI Dataset Collection,865,26,0,1186.9,1585.6
Wirecutter Dataset,878,23,0,1159.4,1628.9
Putty Knife Dataset Collection,888,135,0,1170.2,1631.6
Voltage Tester AI Dataset Collection,890,52,0,1137.9,1579.0
Utility Knife Dataset Collection,894,61,0,1222.1,1596.4
Extension Cord Dataset Collection,900,29,0,1330.1,1685.9
Soldering Iron Dataset Collection,904,35,0,1134.8,1608.1
Stainless Steel Wire Brush Dataset,912,22,0,1103.8,1564.9
Pliers AI Dataset Collection,918,68,0,1375.4,1729.2
Wheel Barrow Dataset,930,51,0,1098.0,1308.7
Power Socket Dataset,937,49,0,1746.2,1992.8
Plastic Bucket Dataset ,945,38,0,1191.4,1717.3
Trowel Dataset,952,21,0,1099.1,1566.5
Flashlight Dataset,956,16,0,1170.6,1589.1
Plunger Dataset,956,8,0,1099.4,1643.1
Heavy Duty Vacuum Cleaner Dataset,962,24,0,1198.0,1663.1
Chisel Dataset,963,42,0,1034.9,1525.6
Extension Spring Dataset,964,117,0,1307.1,1668.6
Stud Finder Dataset,967,92,0,1037.1,1462.4
Hacksaw Dataset,968,174,0,1076.9,1577.1
Bearing Dataset,969,29,0,1084.2,1431.8
Mallet Dataset,970,94,0,1053.6,1516.6
Fire Extinguisher Dataset,972,50,0,1180.0,1751.6
Ball Valve Dataset,973,37,0,1089.9,1535.7
Measuring Wheel Dataset,978,144,0,971.9,1415.5
Head Flashlight Dataset,979,35,0,1127.3,1505.2
Air Compressors Dataset,981,90,0,1102.2,1299.8
First AID Kit Dataset,983,128,0,1212.4,1515.4
File Tool Dataset,986,45,0,1052.5,1592.0
Ear Plugs Dataset,986,24,0,1084.3,1437.8
LED Light Bulb Dataset,986,37,0,1111.0,1627.2
Kneepads Dataset,987,45,0,1098.5,1504.9
Tape Measure Dataset,988,77,0,1153.2,1505.1
Tin Snips Dataset,988,25,0,1045.7,1499.4
Rubber Gloves Dataset ,989,40,0,1116.5,1577.5
Stainless Steel Washer Dataset,989,25,0,1151.8,1556.4
Metal Nut Dataset,990,45,0,1670.5,1811.6
Traffic Cone Dataset,992,91,0,1096.3,1645.4
Welding Gloves Dataset,993,93,0,1129.8,1592.1
Socket Wrench Dataset,996,25,0,1168.6,1460.8
