,precision,recall,f1-score,support,accuracy_per_class
air_compressors,0.972027972027972,0.9928571428571429,0.9823321554770318,140.0,0.9928571428571429
angle_grinder,0.954954954954955,0.9724770642201835,0.9636363636363636,109.0,0.9724770642201835
axe_ai,0.9761904761904762,0.8817204301075269,0.9265536723163842,93.0,0.8817204301075269
ball_valve,0.9784172661870504,0.951048951048951,0.9645390070921985,143.0,0.951048951048951
bearing,0.965034965034965,0.965034965034965,0.965034965034965,143.0,0.965034965034965
caulking_gun,0.9611650485436893,0.9166666666666666,0.9383886255924171,108.0,0.9166666666666666
chisel,0.9185185185185185,0.8794326241134752,0.8985507246376812,141.0,0.8794326241134752
clamp,0.9634146341463414,0.9634146341463414,0.9634146341463414,82.0,0.9634146341463414
concrete_mixer,1.0,0.9705882352941176,0.9850746268656716,68.0,0.9705882352941176
construction_earmuffs,0.9591836734693877,0.9791666666666666,0.9690721649484536,48.0,0.9791666666666666
corner_trowel,0.9302325581395349,0.8888888888888888,0.9090909090909091,45.0,0.8888888888888888
crowbar,0.4823529411764706,0.5324675324675324,0.5061728395061729,77.0,0.5324675324675324
digital_caliper,0.9764705882352941,0.9880952380952381,0.9822485207100592,84.0,0.9880952380952381
digital_torque_wrench,0.9459459459459459,0.9210526315789473,0.9333333333333333,38.0,0.9210526315789473
drill_bit_ai,0.9669421487603306,0.9140625,0.9397590361445783,128.0,0.9140625
ear_plugs,0.9794520547945206,0.9794520547945206,0.9794520547945206,146.0,0.9794520547945206
electric_drill_ai,0.9724770642201835,0.8907563025210085,0.9298245614035088,119.0,0.8907563025210085
extension_cord,0.9701492537313433,0.9774436090225563,0.9737827715355806,133.0,0.9774436090225563
extension_spring,0.9635036496350365,0.9705882352941176,0.967032967032967,136.0,0.9705882352941176
file_tool,0.94,0.9791666666666666,0.9591836734693877,144.0,0.9791666666666666
fire_extinguisher,0.993006993006993,1.0,0.9964912280701754,142.0,1.0
first_aid_kit,0.9574468085106383,0.9854014598540146,0.9712230215827338,137.0,0.9854014598540146
flashlight,0.9205298013245033,0.9788732394366197,0.9488054607508533,142.0,0.9788732394366197
float_tool,0.9333333333333333,0.9130434782608695,0.9230769230769231,46.0,0.9130434782608695
generator,0.9512195121951219,0.9512195121951219,0.9512195121951219,41.0,0.9512195121951219
glue_gun_ai,0.9479166666666666,0.9680851063829787,0.9578947368421052,94.0,0.9680851063829787
hacksaw,0.8689655172413793,0.9692307692307692,0.9163636363636364,130.0,0.9692307692307692
hammer_ai,0.9217391304347826,0.905982905982906,0.9137931034482759,117.0,0.905982905982906
hand_saw_ai,0.88,0.8461538461538461,0.8627450980392157,104.0,0.8461538461538461
head_flashlight,0.9375,0.9375,0.9375,144.0,0.9375
heat_gun,0.9509803921568627,0.941747572815534,0.9463414634146341,103.0,0.941747572815534
heavy_duty_vacuum_cleaner,0.9859154929577465,0.9859154929577465,0.9859154929577465,142.0,0.9859154929577465
hoe_tool,0.84375,0.8709677419354839,0.8571428571428571,62.0,0.8709677419354839
infrared_digital_thermometer,0.9636363636363636,0.9814814814814815,0.9724770642201835,54.0,0.9814814814814815
jack_hammer,0.8426966292134831,0.9375,0.8875739644970414,80.0,0.9375
jack_plane,0.9896907216494846,0.9320388349514563,0.96,103.0,0.9320388349514563
jigsaw,0.946236559139785,0.9887640449438202,0.967032967032967,89.0,0.9887640449438202
kneepads,0.9790209790209791,0.9655172413793104,0.9722222222222222,145.0,0.9655172413793104
ladder,0.9819819819819819,1.0,0.990909090909091,109.0,1.0
led_light_bulb,0.9795918367346939,0.993103448275862,0.9863013698630136,145.0,0.993103448275862
level_tool,0.96,0.8888888888888888,0.9230769230769231,108.0,0.8888888888888888
machete,0.9512195121951219,0.8863636363636364,0.9176470588235294,88.0,0.8863636363636364
mallet,0.9779411764705882,0.9637681159420289,0.9708029197080292,138.0,0.9637681159420289
masking_tape_roll,0.9130434782608695,0.9402985074626866,0.9264705882352942,67.0,0.9402985074626866
measuring_wheel,0.9420289855072463,0.9629629629629629,0.9523809523809523,135.0,0.9629629629629629
metal_nut,0.9403973509933775,0.9793103448275862,0.9594594594594594,145.0,0.9793103448275862
moisture_meter,0.9387755102040817,0.8846153846153846,0.9108910891089109,104.0,0.8846153846153846
nail_ai,0.897196261682243,0.9696969696969697,0.9320388349514563,99.0,0.9696969696969697
nail_gun,0.8235294117647058,0.84,0.8316831683168316,100.0,0.84
paint_brush,0.9722222222222222,0.9722222222222222,0.9722222222222222,108.0,0.9722222222222222
paint_respirator,1.0,1.0,1.0,54.0,1.0
paint_roller_ai,0.9594594594594594,0.9594594594594594,0.9594594594594594,74.0,0.9594594594594594
paint_spray_gun,0.9333333333333333,0.9655172413793104,0.9491525423728814,29.0,0.9655172413793104
paint_tray,0.9710144927536232,0.9436619718309859,0.9571428571428572,71.0,0.9436619718309859
palm_sander,1.0,0.9152542372881356,0.9557522123893806,118.0,0.9152542372881356
plastic_bucket,0.9851851851851852,0.9568345323741008,0.9708029197080292,139.0,0.9568345323741008
pliers_ai,0.9112903225806451,0.8560606060606061,0.8828125,132.0,0.8560606060606061
plunger,0.9655172413793104,0.9790209790209791,0.9722222222222222,143.0,0.9790209790209791
power_socket,0.9856115107913669,1.0,0.9927536231884058,137.0,1.0
pry_bar,0.6021505376344086,0.5894736842105263,0.5957446808510638,95.0,0.5894736842105263
putty_knife,0.967741935483871,0.9836065573770492,0.975609756097561,122.0,0.9836065573770492
respirator_mask_n95,0.9538461538461539,0.9841269841269841,0.96875,63.0,0.9841269841269841
rubber_boots,0.9896907216494846,0.9696969696969697,0.9795918367346939,99.0,0.9696969696969697
rubber_gloves,0.9724137931034482,0.9724137931034482,0.9724137931034482,145.0,0.9724137931034482
safety_glasses,0.9736842105263158,0.9736842105263158,0.9736842105263158,76.0,0.9736842105263158
safety_helmet,0.9803921568627451,0.9803921568627451,0.9803921568627451,102.0,0.9803921568627451
safety_vest,0.9797979797979798,1.0,0.9897959183673469,97.0,1.0
screwdriver_ai,0.9345794392523364,0.9345794392523364,0.9345794392523364,107.0,0.9345794392523364
socket_wrench,0.9246575342465754,0.9183673469387755,0.9215017064846417,147.0,0.9183673469387755
soldering_iron,0.9338235294117647,0.9548872180451128,0.9442379182156134,133.0,0.9548872180451128
stainless_steel_washer,0.9724137931034482,0.9657534246575342,0.9690721649484536,146.0,0.9657534246575342
stainless_steel_wire_brush,0.9925373134328358,0.9851851851851852,0.9888475836431226,135.0,0.9851851851851852
staple_gun,0.7560975609756098,0.7045454545454546,0.7294117647058823,44.0,0.7045454545454546
stud_crimper,0.9902912621359223,0.9532710280373832,0.9714285714285714,107.0,0.9532710280373832
stud_finder,0.9496402877697842,0.9565217391304348,0.9530685920577617,138.0,0.9565217391304348
tape_measure,0.9717741935483871,0.9836734693877551,0.9776876267748479,245.0,0.9836734693877551
tin_snips,0.89171974522293,0.958904109589041,0.9240924092409241,146.0,0.958904109589041
traffic_cone,0.993006993006993,1.0,0.9964912280701754,142.0,1.0
trowel,0.9586206896551724,0.9858156028368794,0.972027972027972,141.0,0.9858156028368794
tubing_cutter,0.9401709401709402,0.9649122807017544,0.9523809523809523,114.0,0.9649122807017544
utility_knife,0.9307692307692308,0.937984496124031,0.9343629343629344,129.0,0.937984496124031
utility_torch,0.9770114942528736,0.9239130434782609,0.9497206703910615,92.0,0.9239130434782609
voltage_tester_ai,0.9612403100775194,0.9612403100775194,0.9612403100775194,129.0,0.9612403100775194
welding_gloves,1.0,0.9858156028368794,0.9928571428571429,141.0,0.9858156028368794
wheel_barrow,0.9777777777777777,0.9777777777777777,0.9777777777777777,135.0,0.9777777777777777
wirecutter,0.8294573643410853,0.823076923076923,0.8262548262548263,130.0,0.823076923076923
wrench_ai,0.9724770642201835,0.9464285714285714,0.9592760180995475,112.0,0.9464285714285714
accuracy,0.9452097358881408,0.9452097358881408,0.9452097358881408,0.9452097358881408,
macro avg,0.940886688505471,0.9391596627026544,0.939661819928269,9655.0,
weighted avg,0.9459923914155125,0.9452097358881408,0.9452586380810654,9655.0,
